subject,day,left_blink_onsets,left_blink_offsets,right_blink_onsets,right_blink_offsets,concatenated_onsets,concatenated_offsets
sub-025,d01,[80654.43782887 80664.95450078 80736.56453649 80780.00622482],[80654.80949573 80665.09950086 80736.72953657 80780.2328916 ],"[80654.46782889 80664.38283383 80664.9795008  80736.50453646
 80780.00789148 80814.86957553]","[80654.86116242 80664.76450069 80665.09616752 80736.78120326
 80780.3095583  80815.3379091 ]",[80654.45282888 80664.96700079 80736.53453648 80780.00705815],[80654.83532907 80665.09783419 80736.75536992 80780.27122495]
sub-025,d02,[77029.00898783 77031.56732544 77125.27414862 77251.96436021],[77029.35732175 77031.80732584 77125.5808158  77252.15936054],"[77029.00898783 77125.28914864 77233.24266228 77251.96769355
 77253.70936313]","[77029.35398841 77125.54748241 77233.70266305 77252.13102716
 77253.81269664]",[77029.00898783 77125.28164863 77251.96602688],[77029.35565508 77125.5641491  77252.14519385]
sub-025,d03,"[1429.53130486 1430.19463805 1454.1812995  1548.9046122  1549.83794533
 1616.8445974 ]","[1429.95797144 1430.34297135 1454.34796613 1549.37961209 1550.01794529
 1616.9729307 ]","[1429.53297153 1430.20630472 1431.54130443 1433.8229706  1454.16963283
 1548.90294553 1549.85627866 1616.85793073]","[1429.94630477 1430.34963802 1431.65297107 1434.26630383 1454.37463279
 1549.37461209 1550.04461195 1617.00459736]","[1429.5321382  1430.20047139 1454.17546616 1548.90377886 1549.84711199
 1616.85126406]","[1429.95213811 1430.34630469 1454.36129946 1549.37711209 1550.03127862
 1616.98876403]"
sub-026,d01,"[4085.48524746 4106.58024853 4157.30858444 4178.0635855  4210.09192046
 4214.35025401 4262.63858979 4266.53192333 4281.20192407 4283.7419242
 4295.95692482 4327.85192644 4332.56859335]","[4085.63024747 4106.77524854 4157.47191778 4178.25691884 4210.33692047
 4214.59525402 4262.86525647 4266.72692334 4281.52192409 4284.18859089
 4296.1535915  4328.24692646 4332.78692669]","[4085.47691413 4106.56524853 4153.98191761 4154.41025096 4154.68358431
 4157.30858444 4178.06025216 4210.09525379 4214.34525401 4262.64025646
 4266.53192333 4276.44692383 4281.20359074 4283.74525753 4290.3835912
 4294.24692473 4299.02525831 4327.83525977]","[4085.6385808  4106.79024854 4154.15691762 4154.54691764 4154.84525098
 4157.47858445 4178.27525217 4210.3352538  4214.65692069 4262.89025647
 4266.74525667 4276.5535905  4281.54359075 4284.23859089 4290.52025788
 4294.35692474 4299.21192499 4328.27192646]","[4085.48108079 4106.57274853 4157.30858444 4178.06191883 4210.09358712
 4214.34775401 4262.63942313 4266.53192333 4281.2027574  4283.74359087
 4327.84359311]","[4085.63441413 4106.78274854 4157.47525112 4178.26608551 4210.33608714
 4214.62608735 4262.87775647 4266.73609    4281.53275742 4284.21359089
 4328.25942646]"
sub-026,d02,"[4618.25175414 4618.95175398 4650.98674665 4677.72007387 4701.53340175
 4701.95006832 4716.80339826 4720.44173076 4754.29005635 4802.38671201
 4805.84171122 4826.36670653 4826.82003976 4852.35670058 4864.43169782
 4871.51836287 4892.64335803 4892.83502466]","[4618.47508742 4619.1384206  4651.13007995 4677.92174049 4701.67506839
 4702.11840162 4716.90839824 4720.63339738 4754.5100563  4802.56671197
 4805.9467112  4826.55503982 4827.04503971 4852.5733672  4864.88336438
 4871.74002948 4892.75002468 4892.9566913 ]","[4618.24342081 4618.93842065 4650.97341332 4663.67007708 4677.7084072
 4701.52006842 4701.94340166 4720.4300641  4754.28505635 4802.37671202
 4805.82837789 4826.37003986 4826.81670643 4864.51336447 4871.50336287
 4893.30835788]","[4618.48008742 4619.16008726 4651.16341327 4663.80507705 4677.92674049
 4701.68840172 4702.13006828 4720.64339738 4754.64505627 4802.56671197
 4806.02171118 4826.55670649 4827.23503966 4864.77503108 4871.74502948
 4893.42502452]","[4618.24758747 4618.94508731 4650.98007998 4677.71424053 4701.52673509
 4701.94673499 4720.43589743 4754.28755635 4802.38171202 4805.83504456
 4826.3683732  4826.81837309 4864.47253115 4871.51086287]","[4618.47758742 4619.14925393 4651.14674661 4677.92424049 4701.68173505
 4702.12423495 4720.63839738 4754.57755628 4802.56671197 4805.98421119
 4826.55587315 4827.14003969 4864.82919773 4871.74252948]"
sub-026,d03,"[4577.90996095 4585.64663591 4628.53001519 4652.24337393 4662.94838541
 4672.26672872 4726.24178656 4738.1901327  4784.34518215]","[4578.12662785 4585.92496954 4628.77668212 4652.37837408 4663.14838562
 4672.4317289  4726.50845351 4738.34679953 4784.55684905]","[4577.88496092 4585.47996906 4585.85496946 4628.5083485  4652.19337388
 4662.91338537 4672.22506201 4712.58343859 4725.71845267 4726.22845321
 4738.17013268 4784.31851546]","[4578.16662789 4585.85496946 4585.98163627 4628.78501546 4652.4300408
 4663.21171902 4672.51339565 4712.73510542 4725.86011948 4726.4984535
 4738.37513289 4784.6385158 ]","[4577.89746094 4628.51918185 4652.21837391 4662.93088539 4672.24589537
 4726.23511989 4738.18013269 4784.33184881]","[4578.14662787 4628.78084879 4652.40420744 4663.18005232 4672.47256228
 4726.50345351 4738.36096621 4784.59768242]"
sub-027,d01,"[57985.04703951 57992.92371378 58023.52540997 58042.85209529
 58049.24876813 58049.49376837 58051.25543673 58051.48043695
 58051.59377039 58052.26710438 58076.01212729 58099.04048284
 58131.84384783 58132.00884799 58132.35051499 58149.72553175
 58150.05053207 58151.09053307 58151.69220032 58152.87886813
 58163.98721218 58170.02721801 58184.35889851 58187.16056788
 58187.47723485 58187.74723511 58213.9522604  58215.51892858
 58221.9739348 ]","[57985.50037328 57993.31538082 58023.70541015 58043.07709551
 58049.46710167 58049.69876856 58051.40377021 58051.59377039
 58051.75043721 58052.43543787 58076.17379411 58099.2738164
 58132.00884799 58132.13884812 58132.48384845 58149.87219856
 58150.30053231 58151.21386652 58151.85386714 58153.09886834
 58164.27387913 58170.20388485 58184.51223199 58187.28723467
 58187.74723511 58187.85890188 58214.11726056 58215.69392874
 58222.12393495]","[57972.51536075 57977.00536508 57983.67203818 57984.05537189
 57984.52870568 57984.66870581 57984.858706   57985.09370622
 57992.76371362 57992.93371379 57993.25038076 58022.08707525
 58022.41374223 58023.5187433  58035.43208813 58036.28875562
 58037.47875677 58038.13042407 58038.48209107 58038.68875794
 58038.89542481 58039.39542529 58042.83209527 58044.25709665
 58045.85043152 58045.99709833 58046.23876523 58046.6287656
 58046.9337659  58047.52376647 58047.80376674 58047.93210019
 58049.23043478 58049.40376828 58049.58376845 58052.23710435
 58052.4337712  58053.1221052  58053.40543881 58057.68044293
 58072.30879038 58076.46212772 58076.7837947  58077.05046162
 58077.2721285  58089.53047367 58092.16047621 58109.19215931
 58115.21049845 58115.38716528 58129.99551271 58131.04051372
 58132.6021819  58134.79885068 58139.08218815 58150.05553207
 58151.07719972 58151.68386698 58152.87720146 58161.69720997
 58161.98887692 58162.20221046 58162.37387729 58162.54221079
 58162.74221098 58163.09721132 58163.30387819 58163.96054549
 58170.13055144 58170.26888491 58170.65555195 58184.08889825
 58184.49889864 58184.60389874 58184.90723237 58185.02223248
 58185.2888994  58185.41889953 58193.04390689 58193.32057382
 58194.33224146 58213.43392656 58213.69726015 58213.93059371
 58215.51726191 58221.97060147]","[57972.71036094 57977.24703198 57983.77703828 57984.170372
 57984.65203913 57984.79370593 57984.97537277 57985.22703968
 57992.93371379 57993.05871391 57993.35038086 58022.29040878
 58022.52874235 58023.65374343 58035.57208827 58036.55542255
 58037.62042358 58038.48209107 58038.68875794 58038.86209144
 58039.25209182 58039.7154256  58043.04709548 58044.4120968
 58045.95376495 58046.23876523 58046.55376553 58046.82876579
 58047.04043267 58047.77043337 58047.93210019 58048.03376696
 58049.35376823 58049.58376845 58049.79043532 58052.4337712
 58052.60877137 58053.24377198 58053.54877228 58058.04877662
 58072.43712384 58076.7837947  58077.04712829 58077.19546176
 58077.41712864 58089.7071405  58092.34380972 58109.3921595
 58115.32549856 58115.51049874 58130.10551282 58131.21051389
 58133.02051563 58134.94385082 58139.23552163 58150.26719894
 58151.21219985 58151.85720048 58153.07720165 58161.85721013
 58162.20221046 58162.35554394 58162.54221079 58162.74221098
 58162.99554456 58163.2822115  58163.42887831 58164.24054576
 58170.24555155 58170.4322184  58170.88721884 58184.20723169
 58184.60389874 58184.90723237 58185.02223248 58185.2888994
 58185.40556618 58185.8672333  58193.18557369 58193.49724066
 58194.43890823 58213.69726015 58213.81059359 58214.13726058
 58215.67559539 58222.14726831]","[57985.07037287 57992.92871378 58023.52207664 58042.84209528
 58049.23960145 58049.44876832 58052.25210436 58150.05303207
 58151.0838664  58151.68803365 58152.8780348  58163.97387884
 58170.07888473 58184.42889857 58213.94142705 58215.51809524
 58221.97226814]","[57985.36370648 57993.18704737 58023.67957679 58043.06209549
 58049.41043495 58049.64126851 58052.43460454 58150.28386563
 58151.21303319 58151.85553381 58153.088035   58164.25721244
 58170.2247182  58184.55806537 58214.12726057 58215.68476207
 58222.13560163]"
sub-027,d02,"[62761.3243981  62761.66439878 62765.52440645 62775.15442557
 62776.64442853 62777.82943089 62779.13943349 62785.91611361
 62789.20112014 62789.33778708 62789.56612086 62789.7027878
 62789.92945492 62790.16612206 62790.52612277 62790.70112312
 62791.34445773 62793.55112878 62793.66779568 62794.75613117
 62800.45947583 62800.74114306 62830.67953586 62830.90286963
 62843.18789403 62857.34792216 62870.3412813  62888.05131647
 62894.63132954 62896.07299907 62911.26469591 62911.72136349
 62911.95636395 62917.15304094 62930.4064006 ]","[62761.441065   62761.81773242 62765.76107358 62775.25942578
 62776.75609542 62777.99276454 62779.27276709 62786.0277805
 62789.33778708 62789.56612086 62789.7027878  62789.92945492
 62790.16612206 62790.51112274 62790.62612297 62790.80779
 62791.50112471 62793.66779568 62793.78279591 62795.02279837
 62800.74114306 62800.85614329 62830.90286963 62831.08120332
 62843.34789435 62857.76958966 62870.48294825 62888.29465029
 62894.73299641 62896.22299937 62911.43802959 62911.95636395
 62912.14303099 62917.2663745  62930.51306748]","[62774.77609149 62774.92609179 62776.64109519 62777.83776424
 62779.12110012 62807.32782281 62847.60623614 62847.84456995
 62848.77123846 62849.212906   62857.46958907 62857.64125607
 62858.40292425 62858.64792474 62858.84125846 62859.24292592
 62882.31297174 62884.58464292 62894.6279962  62896.06299905
 62921.99138388 62922.20805098 62922.61305179 62924.9213897
 62925.25305703 62925.66639118 62925.93472505 62926.80972679
 62927.22639428 62927.59306168 62927.753062   62930.38473389
 62942.52142466 62947.85810193 62948.06810234 62948.41143636
 62948.52310325 62948.67477022 62948.80977048 62948.95477077
 62950.14977315 62952.47477776]","[62774.9144251  62775.06109205 62776.75776209 62778.0060979
 62779.28110044 62807.44282304 62847.72290304 62848.05957038
 62848.88290534 62849.34957294 62857.62125603 62857.78125635
 62858.53792452 62858.83959179 62858.95125868 62859.40792625
 62882.48297208 62884.78630999 62894.74299643 62896.204666
 62922.13138416 62922.42138474 62922.78805213 62925.04972329
 62925.36972393 62925.89805831 62926.03639192 62927.14639412
 62927.48806147 62927.753062   62928.22972961 62930.51473415
 62942.66642495 62948.02476893 62948.17476922 62948.52310325
 62948.67477022 62948.80977048 62948.95477077 62949.3031048
 62950.36644024 62952.80644509]","[62776.64276186 62777.83359756 62779.1302668  62857.40875561
 62894.62966287 62896.06799906 62930.39556724]","[62776.75692876 62777.99943122 62779.27693376 62857.69542285
 62894.73799642 62896.21383269 62930.51390081]"
sub-027,d03,"[57263.86151525 57360.48182636 57361.12849511 57361.2901623
 57361.52682973 57361.89849759 57407.43197754 57409.57698445
 57413.5186638  57427.63204258 57432.68372552 57433.06039339
 57434.67706527 57440.29541669 57462.99715646 57465.50716454
 57465.78883211 57465.97549938 57466.4571676  57468.17883981
 57479.51554298 57491.94224966 57493.01725312 57499.23727315
 57503.33561968 57521.33401097 57523.10568334 57525.38902402
 57532.29904627 57533.10571554]","[57263.96984893 57360.61849347 57361.2901623  57361.52682973
 57361.88183087 57362.13683169 57407.64197822 57409.72531826
 57413.64866422 57427.75537631 57433.06039339 57433.40039449
 57434.80873236 57440.46375057 57463.19215708 57465.78883211
 57465.97549938 57466.13716657 57466.69050168 57468.31884026
 57479.86387743 57492.06391672 57493.14225352 57499.41394038
 57503.5189536  57521.51401155 57523.30068397 57525.62069144
 57532.58404719 57533.52405022]","[57379.05355283 57397.66861277 57398.53361555 57398.87528332
 57399.07528396 57399.54528548 57399.73528609 57399.88195323
 57400.00195361 57407.42864419 57409.57198443 57413.51699713
 57434.67873194 57440.28875    57468.18717317 57491.93891631
 57493.01725312 57499.23560648 57503.33228633 57523.10568334
 57525.37902399 57532.29904627 57533.13404896]","[57379.21355334 57397.8636134  57398.68028269 57399.01028375
 57399.17528429 57399.65861918 57399.88195323 57400.00028694
 57400.1519541  57407.60864477 57409.70698486 57413.63366417
 57434.78539895 57440.45208386 57468.30384021 57492.05391669
 57493.12892015 57499.39560699 57503.47395346 57523.28235057
 57525.58569132 57532.44404674 57533.45238332]","[57407.43031087 57409.57448444 57413.51783047 57434.6778986
 57440.29208335 57468.18300649 57491.94058299 57493.01725312
 57499.23643981 57503.33395301 57523.10568334 57525.38402401
 57532.29904627 57533.11988225]","[57407.62531149 57409.71615156 57413.6411642  57434.79706565
 57440.45791721 57468.31134023 57492.0589167  57493.13558683
 57499.40477369 57503.49645353 57523.29151727 57525.60319138
 57532.51404697 57533.48821677]"
sub-028,d01,"[59299.33387825 59299.84221243 59304.71722058 59417.60740913
 59443.3541188  59443.91578641 59456.04914001 59461.23414867
 59463.11915182 59501.46588253 59508.15256037 59509.04422852
 59523.04425191 59523.26091894 59523.71091969 59526.16092378
 59526.59425784 59527.97259347 59530.12426373 59530.35593079
 59531.80926655 59531.9209334  59533.59760287 59538.664278
 59538.88927837 59541.39928257 59552.11596713 59559.22597901
 59559.39264595 59560.64764805 59560.76931492 59561.62431635
 59571.59266633 59572.87600181 59573.01766871 59573.98433699
 59574.51433788 59575.18100566 59575.53267291]","[59299.51221188 59300.08054616 59304.87222083 59417.71407598
 59443.52078575 59444.21578691 59456.20080693 59461.46748239
 59463.24415203 59501.5658827  59508.33589401 59509.14589536
 59523.18425214 59523.42425254 59523.82591988 59526.57925781
 59526.75092477 59528.09592701 59530.33426408 59530.47926433
 59531.9209334  59532.04926695 59533.81760324 59538.7842782
 59539.13094544 59541.52928278 59552.36263421 59559.39264595
 59559.5209795  59560.76931492 59561.217649   59561.75931657
 59571.7743333  59573.01766871 59573.44266942 59574.21600405
 59574.64600476 59575.29100584 59575.85100678]","[59299.85054578 59304.66555382 59310.36723001 59311.83056579
 59312.15056633 59331.84226588 59350.3356301  59358.43397696
 59358.70564408 59368.7756609  59398.45571048 59402.56738401
 59433.21410187 59440.07244666 59440.24911362 59440.56578081
 59443.35245213 59443.9107864  59451.65913268 59454.2708037
 59456.03580665 59456.41747396 59456.7208078  59456.89580809
 59457.33914216 59464.25415371]","[59300.0238794  59304.87055417 59310.47389686 59311.98723272
 59312.61723377 59332.07226627 59350.53896378 59358.57564387
 59358.89397773 59368.95232787 59398.64904413 59402.74071764
 59433.3757688  59440.24911362 59440.42911392 59440.70244771
 59443.55245247 59444.24412029 59452.04413332 59454.49580408
 59456.14080683 59456.60414094 59456.89580809 59457.03247498
 59457.5608092  59464.40915397]","[59299.84637911 59304.6913872  59443.35328547 59443.9132864
 59456.04247333]","[59300.05221278 59304.8713875  59443.53661911 59444.2299536
 59456.17080688]"
sub-028,d02,"[59209.53461722 59232.30795265 59236.8312864  59241.8896202
 59245.31295385 59252.33462116 59273.4296231  59275.55628996
 59276.21129002 59302.15795908 59305.54462606 59310.83295988
 59313.04962675 59313.42462678 59368.89463189 59371.63129881
 59373.71296567 59376.83963262 59381.04463301 59429.82630416
 59444.41963884 59460.21630696]","[59209.63961723 59232.45295266 59236.94795308 59242.06628688
 59245.45462053 59252.49462117 59273.55628978 59275.75462332
 59276.55295672 59302.26295909 59305.64962607 59310.96462656
 59313.32629344 59313.5696268  59369.04629857 59371.73796548
 59373.93629902 59376.99963264 59381.23129969 59430.03797085
 59444.55630552 59460.41630698]","[59197.0279494  59199.30628295 59201.72794984 59226.61461879
 59265.28128902 59275.54628996 59278.8596236  59293.70129163
 59296.95962527 59305.53962606 59310.83795988 59337.05129562
 59345.14296304 59345.36962972 59345.65962975 59350.01129682
 59365.86463161 59381.03463301 59429.8146375  59433.64963785
 59434.54463793 59436.7813048  59437.60297155 59439.07463835
 59439.52463839 59458.38964013 59465.88130748 59466.97964092]","[59197.14961608 59199.54628297 59201.95794986 59226.80628548
 59265.39628903 59275.80462332 59279.11629029 59293.90462499
 59297.09295861 59305.64962607 59310.95462656 59337.17462897
 59345.26129638 59345.47962973 59345.81629643 59350.13463016
 59366.00796496 59381.26296636 59430.04297085 59433.83630453
 59434.75963795 59436.90630482 59437.82797157 59439.21297169
 59439.63797173 59458.54630681 59466.0313075  59467.26797428]","[59275.55128996 59305.54212606 59310.83545988 59381.03963301
 59429.82047083]","[59275.77962332 59305.64962607 59310.95962656 59381.24713303
 59430.04047085]"
sub-028,d03,"[58584.12267008 58584.33600346 58584.81600357 58587.34933746
 58587.69933754 58589.75433799 58593.79267222 58607.79267531
 58613.40267655 58613.93934334 58616.74601063 58619.18601117
 58624.482679   58626.17101271 58630.04601357 58633.24768094
 58647.50435076 58651.07268488 58655.49268586 58657.3410196
 58663.29602092 58707.8343641  58719.71270006 58721.53770046
 58723.50603423 58725.22603461 58727.11436836 58729.62270225
 58734.83437007 58736.69437048 58737.88770408 58740.91937142
 58750.1827068  58752.31937394 58754.96770785 58761.18770923
 58763.70104312 58766.77771047 58769.82271114 58771.42604483
 58773.28437857 58774.14604543 58775.32604569 58776.51771262
 58779.45771327 58788.21271521 58803.52938526 58806.99438603
 58816.91438822 58818.20105517 58819.72938884 58820.9093891
 58821.73272262 58822.20772272 58823.1443896  58824.43438988
 58825.12272337 58826.88772376 58828.34939075 58830.40105787
 58832.31272496 58835.83605907 58838.41772631 58841.03106022
 58845.96272797 58849.17606202 58857.16606379]","[58584.33600346 58584.55100351 58585.18100365 58587.5393375
 58587.93433759 58590.15100475 58594.21267231 58608.20934207
 58613.63434327 58614.0476767  58617.06934403 58619.37434454
 58624.74934573 58626.38267942 58630.26101361 58633.48268099
 58647.94768419 58651.41601829 58655.73268591 58657.51935297
 58663.62602099 58708.07769749 58720.12770015 58721.80103385
 58723.70436761 58725.39936798 58727.28770173 58730.01103567
 58735.07270346 58737.07603723 58738.03770411 58741.11437146
 58750.43604019 58752.65104068 58755.18604124 58761.35270927
 58763.96104318 58766.9227105  58770.17771122 58771.60104487
 58773.45271194 58774.32604547 58775.43771238 58776.79771268
 58779.66104665 58788.41604858 58803.80771865 58807.18438607
 58817.24438829 58818.41938855 58820.05105558 58821.01605579
 58822.04438935 58822.40938943 58823.30272296 58824.58272325
 58825.28105674 58826.99105711 58828.49272411 58830.6777246
 58832.48439166 58836.01772578 58838.62105968 58841.27939361
 58846.26772804 58849.33106205 58857.36106383]","[58584.13100341 58584.41433681 58584.8243369  58587.71100421
 58589.76267133 58593.80100555 58601.3876739  58601.72934064
 58604.53934126 58607.81100865 58612.88600977 58613.27267652
 58616.78434397 58619.19267783 58624.49434567 58626.18434605
 58630.05601357 58633.24934761 58647.51435076 58651.08268488
 58655.50268586 58657.33935293 58658.87435327 58660.42435362
 58663.29602092 58703.70102985 58705.16103018 58707.8393641
 58716.12269927 58717.39936621 58719.71603339 58721.5410338
 58723.51103423 58725.23603461 58727.1277017  58729.62936892
 58732.78770295 58734.83937007 58736.70103715 58737.88937075
 58740.93103808 58744.0343721  58746.15937257 58750.18104013
 58752.32437394 58754.97770786 58759.18604212 58761.19270923
 58763.71104312 58765.2693768  58766.78437713 58769.83937781
 58771.41771149 58773.29271191 58774.14437876 58776.52771262
 58779.46271327 58784.74271444 58788.21771521 58803.52605192
 58806.99771936 58811.22272029 58812.48605391 58813.67772084
 58814.27938764 58816.93605489 58818.2093885  58821.73772262
 58822.21438939 58823.12105626 58824.3727232  58825.13439004
 58828.35439075 58829.77939106 58832.32105829 58835.8443924
 58838.42439297 58841.03772689 58845.97272798 58849.18939536
 58857.17439712]","[58584.27933678 58584.5310035  58585.1426703  58587.90767092
 58590.09433807 58594.15100563 58601.62934062 58601.88600734
 58604.98934136 58608.11600872 58613.07434315 58613.42100989
 58616.90601066 58619.39434454 58624.70767905 58626.32601274
 58630.21934694 58633.41601431 58647.72435081 58651.23601825
 58655.72601924 58657.47435296 58659.04101998 58660.54935364
 58663.45768762 58703.93936324 58705.44603024 58708.0010308
 58716.25436596 58717.66269961 58720.0643668  58721.78436718
 58723.6643676  58725.37103464 58727.24103506 58729.82436896
 58733.002703   58734.9893701  58736.83603718 58738.01103744
 58741.10437146 58744.18270547 58746.26103926 58750.41104018
 58752.4477073  58755.11270789 58759.29270881 58761.32437593
 58763.85937649 58765.37271016 58766.90104383 58770.16604455
 58771.62104487 58773.44271194 58774.36437881 58776.70271266
 58779.62771331 58784.86438113 58788.3193819  58803.81938532
 58807.17605273 58811.44938701 58812.61438727 58813.78772086
 58814.44772101 58817.15605494 58818.31438853 58821.90105599
 58822.40438943 58823.26605629 58824.52772324 58825.23605673
 58828.50772412 58829.96939111 58832.48605833 58835.9810591
 58838.62439302 58841.2393936  58846.15106135 58849.29772871
 58857.34606383]","[58584.12683675 58584.37517013 58584.82017023 58587.70517087
 58589.75850466 58593.79683888 58607.80184198 58613.33767654
 58616.7651773  58619.1893445  58624.48851234 58626.17767938
 58630.05101357 58633.24851427 58647.50935076 58651.07768488
 58655.49768586 58657.34018627 58663.29602092 58707.8368641
 58719.71436673 58721.53936713 58723.50853423 58725.23103461
 58727.12103503 58729.62603558 58734.83687007 58736.69770382
 58737.88853741 58740.92520475 58750.18187346 58752.32187394
 58754.97270786 58761.19020923 58763.70604312 58766.7810438
 58769.83104447 58771.42187816 58773.28854524 58774.1452121
 58776.52271262 58779.46021327 58788.21521521 58803.52771859
 58806.99605269 58816.92522155 58818.20522184 58821.73522262
 58822.21105606 58823.13272293 58824.40355654 58825.1285567
 58828.35189075 58832.31689162 58835.84022574 58838.42105964
 58841.03439355 58845.96772798 58849.18272869 58857.17023045]","[58584.30767012 58584.5410035  58585.16183698 58587.92100425
 58590.12267141 58594.18183897 58608.16267539 58613.52767658
 58616.98767735 58619.38434454 58624.72851239 58626.35434608
 58630.24018028 58633.44934765 58647.8360175  58651.32601827
 58655.72935258 58657.49685297 58663.54185431 58708.03936415
 58720.09603348 58721.79270052 58723.6843676  58725.38520131
 58727.2643684  58729.91770232 58735.03103678 58736.95603721
 58738.02437078 58741.10937146 58750.42354018 58752.54937399
 58755.14937456 58761.3385426  58763.91020983 58766.91187716
 58770.17187788 58771.61104487 58773.44771194 58774.34521214
 58776.75021267 58779.64437998 58788.36771524 58803.81355199
 58807.1802194  58817.20022162 58818.36688854 58821.97272267
 58822.40688943 58823.28438963 58824.55522324 58825.25855673
 58828.50022411 58832.48522499 58835.99939244 58838.62272635
 58841.2593936  58846.2093947  58849.31439538 58857.35356383]"
sub-029,d01,"[2437.77504066 2438.28337676 2458.61682061 2459.12182335 2465.93186037
 2466.32852919 2466.50353014 2467.02353297 2470.86855386 2471.30022288
 2471.49355726 2472.01856011 2472.70689719 2476.98692045 2477.22525508
 2477.34525573 2478.98526464 2479.27193287 2479.40526693 2479.76860224
 2480.23360476 2480.69860729 2483.94695828 2484.35196048 2484.79196287
 2484.96196379 2485.23196526 2485.81696844 2485.92030234 2487.30697654
 2487.4953109  2488.31031533 2488.48698295 2488.96031886 2489.5619888
 2489.6919895  2489.94032419 2490.21032565 2492.35533731 2495.00035169
 2497.58036571 2498.42370363 2498.55037098 2499.52537628 2500.42538117
 2501.34038615 2502.89872795 2504.74373798 2506.51874762 2511.09710584
 2511.38544074 2511.70210913 2511.90877692 2515.66713068 2515.80046474
 2515.93546547 2516.24380048 2516.42713481 2516.65046936 2517.40547346
 2517.9038095  2518.04047691 2518.38547879 2519.22048333 2519.5721519
 2519.77715302 2523.40050604 2523.83050838 2524.86551401 2528.92053605
 2529.09053697 2529.90720807 2538.74392277 2538.93559048 2540.04226316
 2540.15893046 2540.30559792 2540.43559863 2541.24560303 2541.36893704
 2543.58061572 2545.56895986 2545.73396076 2548.8623111  2550.04565086
 2552.03732835 2552.74066551 2554.06567271 2554.70900954 2555.39401326
 2556.70568706 2557.64902552 2558.55736379 2562.66571945 2570.75576342
 2571.18076573 2571.2857663  2572.86577489 2573.10910955 2573.23411023
 2573.4141112  2600.94592751 2609.98430996 2610.8743148  2612.20265535
 2613.66766332 2614.92433681 2616.0443429  2618.89935842 2619.58269547
 2622.26437671 2623.00604741 2624.24272079 2631.41942647 2631.67442785
 2631.81942864 2632.03776316 2632.28776452 2632.50776571 2633.67777207
 2641.7778161  2642.31115233 2656.50956283 2657.30956718 2658.66457454
 2663.33126658 2663.88293624 2665.78794659 2668.37129397 2671.136309
 2680.65636074 2682.05136832 2682.36637003 2682.76637221 2683.2613749
 2689.29974105 2693.57643096 2693.77643205 2694.32810171 2694.50810269
 2704.67149126 2707.13650466 2707.45817307 2707.9298423 ]","[2437.89504132 2438.43337758 2458.78848821 2459.43015836 2466.21686191
 2466.49853011 2467.00186618 2467.17020043 2471.29522285 2471.49355726
 2471.73855859 2472.22189455 2472.84856462 2477.15358802 2477.34525573
 2477.81359161 2479.27193287 2479.40526693 2479.76860224 2480.15693768
 2480.69860729 2481.14860974 2484.2269598  2484.58196173 2484.95529709
 2485.09363118 2485.72196793 2485.92030234 2486.29530438 2487.48864419
 2487.68197858 2488.44031603 2488.61865034 2489.08198619 2489.68365612
 2489.88532389 2490.20365895 2490.3653265  2492.59700529 2495.34868691
 2497.8420338  2498.53870425 2498.68870507 2499.74871083 2500.56538193
 2501.52705383 2503.01372857 2504.87207201 2506.69374858 2511.29710693
 2511.50210804 2511.83544319 2512.34544596 2515.78879801 2515.93546547
 2516.10713307 2516.42713481 2516.57046892 2516.77213668 2517.58214109
 2518.03214353 2518.38547879 2518.49547938 2519.53548504 2519.77715302
 2520.11382151 2523.83050838 2524.09217647 2525.14384885 2529.02720329
 2529.23887111 2530.0838757  2538.93225713 2539.11725813 2540.15893046
 2540.27393109 2540.43559863 2540.61059958 2541.36893704 2541.50727112
 2543.79561689 2545.73396076 2545.96396201 2549.03564537 2550.20731841
 2552.18399582 2552.90233305 2554.22567358 2554.93234409 2555.6040144
 2556.86568793 2557.81069307 2558.72069801 2562.7857201  2571.09076524
 2571.2857663  2571.75910221 2573.0024423  2573.21911014 2573.38411104
 2573.57077872 2601.06592816 2610.16264427 2611.03764902 2612.36932293
 2613.83266421 2615.06433758 2616.21267715 2619.04602588 2619.76769647
 2622.42437758 2623.16604827 2624.38938826 2631.62109423 2631.81942864
 2632.03776316 2632.15109711 2632.43776533 2632.68610002 2633.83610627
 2642.00281732 2642.44948641 2656.63623019 2657.53790175 2659.08291015
 2663.56126783 2664.03127038 2666.05961474 2668.4929613  2671.38131033
 2681.01302934 2682.24970273 2682.50303744 2683.00804019 2683.48637612
 2689.41640835 2693.77643205 2694.24976795 2694.43310228 2694.67143691
 2704.95982616 2707.45817307 2707.61817394 2708.02984285]","[2437.75670723 2438.27837673 2441.39672702 2468.78854256 2468.90520986
 2469.13187776 2470.86522051 2480.33693866 2480.75194091 2480.97860881
 2481.09027609 2481.37694431 2481.79527992 2482.12694839 2500.42538117
 2501.34538617 2502.9020613  2504.74040463 2506.51874762 2511.82210978
 2512.11544471 2512.30377907 2512.40877964 2512.69211451 2514.71045881
 2515.49546308 2517.79047555 2518.18214435 2518.53381293 2518.69548047
 2518.92881507 2519.04048235 2519.48215141 2520.1354883  2521.28382787
 2521.52716253 2521.65216321 2521.86883105 2522.00383179 2522.40216728
 2522.59216832 2522.80716949 2524.2688441  2524.41051153 2524.70717981
 2524.94384777 2525.2438494  2525.35551667 2525.75718552 2526.07552058
 2526.42552248 2526.74219087 2528.14386516 2528.41053327 2534.20056474
 2534.37889905 2534.75390108 2539.45392663 2540.84060083 2543.8089503
 2548.85231104 2550.04065083 2552.03732835 2552.73066545 2554.06733939
 2554.71400957 2555.38901324 2556.69902036 2557.64235882 2558.54903041
 2563.31572299 2563.61239126 2563.81239235 2567.3724117  2568.92742015
 2570.84243056 2573.71744619 2574.08911487 2574.26744918 2576.37412729
 2576.77246279 2576.87579668 2585.3608428  2585.73251149 2585.90751244
 2591.59921004 2609.98597664 2610.87098145 2612.199322   2613.66599664
 2614.92100346 2616.04100955 2618.89935842 2619.57936211 2622.25937668
 2623.00104738 2624.24772082 2631.70442801 2632.53443253 2633.67943875
 2644.25949625 2644.89783306 2645.1145009  2645.25950169 2646.19784012
 2656.16622763 2657.30456715 2659.99124842 2660.25291651 2662.20792714
 2662.4029282  2662.5195955  2662.88626416 2663.00293146 2663.20459922
 2663.31626649 2663.86293613 2682.053035   2682.36303668 2682.76470553
 2683.26637492 2689.49640878 2697.0131163  2704.78982524 2705.06649341
 2705.43149539 2708.19317707]","[2437.91837478 2438.45337768 2441.54006113 2468.90520986 2469.13187776
 2469.39521252 2470.96855441 2480.55860653 2480.97860881 2481.08694273
 2481.36194423 2481.79361324 2482.12694839 2482.35361629 2500.56871529
 2501.53538721 2503.02372863 2504.89207212 2506.69541525 2511.93877708
 2512.30377907 2512.40877964 2512.67711443 2512.99878284 2514.92212663
 2515.5971303  2517.8904761  2518.31214505 2518.65881361 2518.84048126
 2519.04048235 2519.23548341 2519.59048534 2520.27548906 2521.40716188
 2521.65216321 2521.85549765 2521.98049833 2522.3255002  2522.59216832
 2522.80716949 2522.97383706 2524.41051153 2524.70717981 2524.94384777
 2525.18051572 2525.35551667 2525.48718405 2526.0538538  2526.42552248
 2526.57052327 2526.99052556 2528.27719922 2528.55386739 2534.37889905
 2534.73723433 2535.03556928 2539.7439282  2540.94726808 2543.9322843
 2549.07231224 2550.23565189 2552.19732922 2552.91233311 2554.23067361
 2554.94901085 2555.62734787 2556.90402147 2557.84069323 2558.7556982
 2563.51572407 2563.71739183 2563.91572625 2567.50407908 2569.23575516
 2571.07243181 2573.85078024 2574.19911547 2574.41078329 2576.48746124
 2576.87579668 2577.01246409 2585.46751005 2585.90751244 2586.00751298
 2591.83921135 2610.15597756 2611.0459824  2612.3643229  2613.82599751
 2615.0693376  2616.2093438  2619.06435932 2619.76269644 2622.41937755
 2623.16938163 2624.38105488 2631.94276264 2632.67609996 2633.83110624
 2644.38616361 2645.1145009  2645.25616834 2645.5678367  2646.37450775
 2656.36122869 2657.54790181 2660.25291651 2660.37458384 2662.4029282
 2662.5195955  2662.78293026 2663.00293146 2663.20459922 2663.31626649
 2663.45960061 2664.12960425 2682.25303608 2682.49137071 2682.99470678
 2683.46970936 2689.74141012 2697.13145028 2705.06649341 2705.36816171
 2705.55982942 2708.33317783]","[2437.76587395 2438.28087675 2470.86688719 2480.28527171 2480.7252741
 2500.42538117 2501.34288616 2502.90039462 2504.7420713  2506.51874762
 2511.76210946 2517.84714253 2518.11131063 2518.45964586 2519.52715166
 2524.90468089 2548.85731107 2550.04315085 2552.03732835 2552.73566548
 2554.06650605 2554.71150955 2555.39151325 2556.70235371 2557.64569217
 2558.5531971  2570.79909699 2609.9851433  2610.87264813 2612.20098868
 2613.66682998 2614.92267014 2616.04267623 2618.89935842 2619.58102879
 2622.26187669 2623.00354739 2624.24522081 2631.68942793 2632.52109912
 2633.67860541 2657.30706717 2663.2679329  2663.87293619 2682.05220166
 2682.36470336 2682.76553887 2683.26387491 2704.73065825]","[2437.90670805 2438.44337763 2471.13188863 2480.62860691 2481.06360927
 2500.56704861 2501.53122052 2503.0187286  2504.88207206 2506.69458191
 2511.88711013 2517.96130981 2518.34881192 2518.5771465  2519.68381918
 2525.16218229 2549.05397881 2550.22148515 2552.19066252 2552.90733308
 2554.22817359 2554.94067747 2555.61568114 2556.8848547  2557.82569315
 2558.73819811 2571.08159853 2610.15931092 2611.04181571 2612.36682291
 2613.82933086 2615.06683759 2616.21101047 2619.0551926  2619.76519646
 2622.42187756 2623.16771495 2624.38522157 2631.88109564 2632.68109999
 2633.83360625 2657.54290178 2663.43876716 2664.08043731 2682.25136941
 2682.49720408 2683.00137348 2683.47804274 2705.01315979]"
sub-029,d02,"[4116.63277726 4125.90279518 4140.16448941 4157.75452342 4197.5579337
 4212.58629608 4218.53130757 4219.28130902 4219.86631016 4222.85964928
 4224.49965245 4226.67965666 4229.26632833 4230.81133131 4231.55799942
 4235.00300608 4277.17475427 4278.46642344 4296.174791   4296.6731253
 4300.89980014 4315.57149517 4316.71316404 4320.89150545 4322.20484132
 4323.02817625 4336.03653473 4337.83320487 4339.13654072 4339.79154199
 4342.51321392 4346.10822086 4346.72155538 4347.63155714 4348.64655911
 4362.8332532  4377.65494852 4378.14994947 4380.08828655 4380.56995415]","[4116.73444412 4126.06446216 4140.28282298 4157.89119035 4197.66626724
 4212.74462972 4218.68297453 4219.44630934 4220.01631045 4223.02464959
 4224.65298608 4226.8213236  4229.45799536 4230.98133164 4231.73799977
 4235.12800633 4277.3064212  4278.61309039 4296.30479125 4296.83645895
 4301.02646705 4315.76982888 4316.8814977  4321.09317251 4322.41984174
 4323.19984325 4336.21986842 4338.01320522 4339.23654091 4339.90320887
 4342.68321424 4346.25488782 4346.9698892  4347.74822404 4348.82489278
 4362.94825342 4377.80661548 4378.28328306 4380.2849536  4380.71495443]","[4106.00609005 4112.92277009 4113.6194381  4114.38443958 4116.62277724
 4125.89446183 4137.58781777 4140.15115606 4157.02952202 4157.74619007
 4197.55126702 4212.57129605 4218.10130674 4218.52297423 4219.27630902
 4219.8529768  4222.85131593 4224.48798576 4226.66798997 4229.25299497
 4230.79966462 4231.53299938 4234.97133936 4277.15975424 4278.45809009
 4296.16145764 4296.66479195 4300.89313346 4315.56482849 4316.70649736
 4319.28816902 4320.87983876 4322.19817464 4323.01650956 4336.02486804
 4337.7982048  4339.13154071 4339.77820863 4342.50488057 4346.09988752
 4346.71655537 4347.62322379 4348.63322575 4362.82825319 4377.64994851
 4378.1482828  4380.08495321 4380.57328749 4381.31162225]","[4106.1694237  4113.08943707 4113.82610517 4114.61944003 4116.74944415
 4126.01112872 4137.83115157 4140.34282309 4157.14285557 4157.90285704
 4197.68460061 4212.75796308 4218.21964031 4218.70797458 4219.46630938
 4220.12131065 4223.04964964 4224.62465269 4226.84465698 4229.48132874
 4230.99966501 4231.77966652 4235.15800638 4277.36642131 4278.67142383
 4296.33979132 4296.85145898 4301.05980045 4315.78149557 4316.90316441
 4319.49483608 4321.0881725  4322.35150827 4323.32817683 4336.24486846
 4338.02320524 4339.24654093 4339.90487554 4342.68488091 4346.30988792
 4346.96488919 4347.81155749 4348.83655947 4362.95158676 4377.81161549
 4378.29328308 4380.28662027 4380.71995444 4381.45328919]","[4116.62777725 4125.8986285  4140.15782274 4157.75035674 4197.55460036
 4212.57879607 4218.5271409  4219.27880902 4219.85964348 4222.8554826
 4224.4938191  4226.67382332 4229.25966165 4230.80549797 4231.5454994
 4234.98717272 4277.16725426 4278.46225676 4296.16812432 4296.66895863
 4300.8964668  4315.56816183 4316.7098307  4320.88567211 4322.20150798
 4323.0223429  4336.03070138 4337.81570483 4339.13404072 4339.78487531
 4342.50904724 4346.10405419 4346.71905538 4347.62739047 4348.63989243
 4362.83075319 4377.65244851 4378.14911614 4380.08661988 4380.57162082]","[4116.74194414 4126.03779544 4140.31282303 4157.89702369 4197.67543392
 4212.7512964  4218.69547456 4219.45630936 4220.06881055 4223.03714962
 4224.63881938 4226.83299029 4229.46966205 4230.99049833 4231.75883315
 4235.14300635 4277.33642125 4278.64225711 4296.32229129 4296.84395896
 4301.04313375 4315.77566223 4316.89233105 4321.0906725  4322.38567501
 4323.26401004 4336.23236844 4338.01820523 4339.24154092 4339.9040422
 4342.68404758 4346.28238787 4346.96738919 4347.77989076 4348.83072613
 4362.94992009 4377.80911548 4378.28828307 4380.28578693 4380.71745444]"
sub-029,d03,"[3463.48431234 3464.25764974 3518.67793602 3519.09460488 3528.77298913
 3550.3364359  3551.89477743 3552.69978166 3562.9148354  3563.48983842
 3564.07317482 3565.76485039 3566.81318924 3567.32652527 3568.74653274
 3570.29987425 3571.28321275 3571.97988308 3572.73655373 3573.18988945
 3573.89489316 3578.30491636 3579.76825739 3591.09331696 3591.48665237
 3605.32339182 3606.10172925 3610.77342049 3679.41544825 3680.19711903
 3681.45545898 3683.22546829 3683.83213815 3684.5821421  3685.38714633
 3687.49882411 3697.01054081 3698.03054618 3709.01560396 3709.77894131
 3712.40895515 3713.63062824]","[3463.61931305 3464.41931726 3518.83127016 3519.31793939 3528.89965646
 3550.47143661 3552.08811178 3552.87144923 3563.18150347 3563.61650576
 3564.26817585 3565.93651796 3567.0398571  3567.55319313 3568.99320071
 3570.44987504 3571.50321391 3572.18321749 3572.97488832 3573.51989119
 3574.06989408 3578.41991696 3579.98492519 3591.23831773 3591.67665337
 3605.52505955 3606.33339713 3610.8950878  3679.52378215 3680.35045317
 3681.55712618 3683.35880233 3684.0321392  3684.80880996 3685.59381408
 3687.6621583  3697.11554136 3698.17721361 3709.13727127 3709.94560885
 3712.57062266 3713.80229581]","[3463.47597896 3464.25598307 3518.22293363 3518.61626903 3519.08793818
 3528.80132261 3550.33810257 3551.88811072 3552.69478163 3562.39149931
 3562.9148354  3563.48817175 3564.07317482 3565.76818374 3566.81652259
 3567.3248586  3568.73819936 3570.2965409  3571.29321281 3571.98988314
 3572.72322033 3578.21324921 3579.75825734 3591.09331696 3591.48331902
 3605.31339177 3606.10339592 3610.77175382 3626.78517139 3679.40211485
 3680.1721189  3681.45712566 3683.18213473 3683.82547145 3684.57047537
 3685.3554795  3687.50049078 3697.01220748 3698.03221285 3709.00893726
 3709.78060799 3711.73561827 3712.40395512 3713.62396154]","[3463.65597991 3464.46098415 3518.35293431 3518.83960354 3519.32960612
 3528.91298986 3550.48143666 3552.07477837 3552.8664492  3562.50483324
 3563.12650318 3563.72650633 3564.2715092  3565.93485128 3567.05152383
 3567.55985983 3568.99653406 3570.55487559 3571.41154676 3572.19155086
 3572.97988834 3578.41658361 3580.02492541 3591.23498438 3591.68165339
 3605.56172641 3606.27339682 3610.89342112 3626.90350534 3679.53044886
 3680.52212074 3681.67546014 3683.3671357  3684.06047269 3684.82047668
 3685.51381366 3687.6621583  3697.12554141 3698.19054702 3709.1556047
 3709.95394223 3711.87228566 3712.58728942 3713.81562921]","[3463.48014565 3464.25681641 3518.64710253 3519.09127153 3528.78715587
 3550.33726923 3551.89144408 3552.69728165 3562.9148354  3563.48900508
 3564.07317482 3565.76651707 3566.81485591 3567.32569193 3568.74236605
 3570.29820757 3571.28821278 3571.98488311 3572.72988703 3578.25908278
 3579.76325736 3591.09331696 3591.48498569 3605.3183918  3606.10256259
 3610.77258715 3679.40878155 3680.18461896 3681.45629232 3683.20380151
 3683.8288048  3684.57630873 3685.37131291 3687.49965744 3697.01137415
 3698.03137951 3709.01227061 3709.77977465 3712.40645513 3713.62729489]","[3463.63764648 3464.4401507  3518.83543685 3519.32377275 3528.90632316
 3550.47643663 3552.08144507 3552.86894922 3563.15400332 3563.67150604
 3564.26984253 3565.93568462 3567.04569046 3567.55652648 3568.99486738
 3570.50237531 3571.45738034 3572.18738418 3572.97738833 3578.41825029
 3580.0049253  3591.23665105 3591.67915338 3605.54339298 3606.30339698
 3610.89425446 3679.5271155  3680.43628695 3681.61629316 3683.36296902
 3684.04630594 3684.81464332 3685.55381387 3687.6621583  3697.12054139
 3698.18388032 3709.14643798 3709.94977554 3712.57895604 3713.80896251]"
